id,block,question,feature1,feature2,feature3,k,bound
1,1,1,0,0.343434569,1,4,5
2,1,2,1,0.532791676,1,4,5
3,2,1,1,0.18132138,0,1,5
4,2,2,1,0.092221755,1,2,5
5,3,1,0,0.382157392,1,3,5
6,3,2,1,0.881911083,0,1,5
7,4,1,1,0.792463168,0,3,5
8,4,2,0,0.307661763,1,0,5
9,5,1,1,0.312752411,1,3,5